xi,mu,R_UBT
1.0,0.1,1.0
1.0,0.31622776601683794,1.0
1.0,1.0,1.0
1.0,3.1622776601683795,1.0
1.0,10.0,1.0
