p,delta_ct,alpha_inv,alpha,scheme,mu,form_factor
127,0.036000000,127.036000000,0.007871784376,MSbar,,1.000000000
131,0.036000000,131.036000000,0.007631490583,MSbar,,1.000000000
137,0.035999000,137.035999000,0.007297352574,MSbar,,1.000000000
139,0.036000000,139.036000000,0.007192381829,MSbar,,1.000000000
149,0.036000000,149.036000000,0.006709788239,MSbar,,1.000000000
