p,delta_ct,alpha_inv,alpha,scheme,mu,form_factor
127,0.035926007,127.035926007,0.007871788961,MSbar,,1.000000000
131,0.035955204,131.035955204,0.007631493192,MSbar,,1.000000000
137,0.035999000,137.035999000,0.007297352574,MSbar,,1.000000000
139,0.036013599,139.036013599,0.007192381126,MSbar,,1.000000000
149,0.036086591,149.036086591,0.006709784341,MSbar,,1.000000000
