source,n_primes,n_c1,n_c3,E_c1,E_c3,delta_E,z_c1,z_c3,delta_z,p_value,verdict
bb_scan_int_100_200.csv,21,10,11,15.483922431835289,14.6674262262894,0.8164962055458886,21.87420568210734,14.710304299212183,7.163901382895158,0.8377,NOT SIGNIFICANT
ee_scan_int_100_200.csv,21,10,11,10.266631659569722,13.328074663347792,-3.06144300377807,11.619031200029237,22.874306127225196,-11.25527492719596,0.0,SIGNIFICANT
tt_scan_int_100_200.csv,21,10,11,23.30985859023365,24.712562948351454,-1.4027043581178056,19.831315141166037,19.55339811631938,0.2779170248466585,0.9755,NOT SIGNIFICANT
