kind,channel,label,raw,freq,bin,psd_obs,p_mc,p_global
target,BB,p=137,137,0.00729927007299,111,1.33609637494,0.1795,
target,BB,p=139,139,0.00719424460432,110,3.57970669833,0.009,
