kind,channel,label,raw,freq,bin,psd_obs,p_mc,p_global
target,EE,p=137,137,0.00729927007299,111,1.31298810177,0.1985,
target,EE,p=139,139,0.00719424460432,110,0.496586202491,0.548,
