kind,channel,label,raw,freq,bin,psd_obs,p_mc,p_global
target,TT,p=137,137,0.00729927007299,111,0.0962600162892,0.929,
target,TT,p=139,139,0.00719424460432,110,0.106014392159,0.937,
