p,delta_ct,alpha_inv,alpha,scheme,mu,form_factor
127,0.000005983,127.000005983,0.007874015377,MSbar,,1.000000000
131,0.000003323,131.000003323,0.007633587593,MSbar,,1.000000000
137,0.000000000,137.000000000,0.007299270073,MSbar,,1.000000000
139,-0.000000955,138.999999045,0.007194244654,MSbar,,1.000000000
149,-0.000004815,148.999995185,0.006711409613,MSbar,,1.000000000
