mu,alpha,alpha_inv
0.511,0.007297352573756914,137.035999
1.0,0.007297352573756914,137.035999
10.0,0.007297352573756914,137.035999
91.1876,0.007297352573756914,137.035999
