xi,mu,R_UBT
0.0,0.1,1.0
0.0,0.31622776601683794,1.0
0.0,1.0,1.0
0.0,3.1622776601683795,1.0
0.0,10.0,1.0
0.5,0.1,1.0
0.5,0.31622776601683794,1.0
0.5,1.0,1.0
0.5,3.1622776601683795,1.0
0.5,10.0,1.0
1.0,0.1,1.0
1.0,0.31622776601683794,1.0
1.0,1.0,1.0
1.0,3.1622776601683795,1.0
1.0,10.0,1.0
2.0,0.1,1.0
2.0,0.31622776601683794,1.0
2.0,1.0,1.0
2.0,3.1622776601683795,1.0
2.0,10.0,1.0
3.0,0.1,1.0
3.0,0.31622776601683794,1.0
3.0,1.0,1.0
3.0,3.1622776601683795,1.0
3.0,10.0,1.0
